id,branch_id,created_at,facility_id,link_withabha,patient_id,report_type,report_type_sct_id,scanned_file,updated_at,visit_id,instructions,id,condition,condition_sct_id,duration,duration_unit,prescription_id,notes,severity,id,dosage_add_instruction,dosage_instruction,dosage_instruction_sct_id,dosage_method,dosage_method_sct_id,dosage_route,dosage_route_sct_id,drug_name,drug_name_sct_id,duration,duration_unit,duration_unit_sct_id,quantity,prescription_id,prescription_entity_id,prescription_condition_id
2036,6,2024-07-31 15:11:14.273000,1,True,10318,online,,,2024-08-02 18:17:19.180000,1885,,5,Dry cough,11833005,20,Day/s,2036,,,5,NA,With or after food,311504000,Swallow,421521009,Oral route,26643006,Sulindac 150mg tablet,375512001,1,Day/s,0,"[1, 1, 1]",2036,2036,5
2038,6,2024-07-31 17:57:29.768000,1,False,10319,online,,,,1887,,6,,0,0,Day/s,2038,,,6,,Every morning,307472001,Daily,69620002,Oral,260548002,Product containing precisely cannabidiol 100 milligram/1 milliliter conventional release oral soluti...,895674004,1,Day/s,0,"[1, 1, 1]",2038,2038,6
2059,6,2024-08-01 14:14:17.376000,1,False,10325,online,,,,1918,,8,Does throw,282667008,2,Day/s,2059,,,7,,Every three days,396128003,Three times daily,229798009,Thracia,262204004,Pergolide 1mg tablet (product),323165002,3,Week/s,0,"[1, 0, 1]",2059,2059,8
2063,6,2024-08-01 15:47:00.802000,1,False,10326,online,,,,1919,,9,Cough,49727002,1,Day/s,2063,,,8,NA,After food,225758001,Swallow clinic,310133000,Oral route,26643006,Paracetamol 500mg tablet,322236009,2,Day/s,0,"[1, 1, 1]",2063,2063,9
2071,6,2024-08-01 19:43:10.549000,1,True,10326,online,,,2024-08-01 19:43:11.454000,1925,,10,Fever,386661006,1,Day/s,2071,,,9,NA,Oral liquid,385022006,"Swallowed whole, not chewed",418693002,Oral surgery,393349002,Paracetamol 325mg tablet,370150001,2,Day/s,0,"[1, 1, 1]",2071,2071,10
2081,6,2024-08-02 01:37:58.766000,1,True,10326,online,,,2024-08-02 01:37:59.181000,1927,,11,Drug fever,95908009,1,Day/s,2081,,,10,Na,Shampoo,385104006,Size of mesh,260975003,dioptres,259047008,Paracetamol 500mg tablet,322236009,2,Day/s,0,"[1, 1, 1]",2081,2081,11
2082,6,2024-08-02 01:56:02.067000,1,True,10326,online,,,2024-08-02 01:56:03.079000,1929,,12,O/E - fever,271897009,2,Day/s,2082,,,11,HH,Para-aortic,261146002,Greek letter gamma (qualifier value),421416008,Regional office,394746004,Paracetamol 160mg tablet,370149001,2,Day/s,0,"[1, 1, 1]",2082,2082,12
2086,6,2024-08-02 09:16:30.897000,1,True,10326,online,,,2024-08-02 09:16:31.321000,1930,,13,Viral fever,10151000132103,1,Day/s,2086,,,12,NA,Parafoveal,264119008,Swahili language,297678009,Orange color,371242008,Paracetamol 325mg tablet,370150001,2,Day/s,0,"[1, 0, 1]",2086,2086,13
2091,6,2024-08-02 09:29:10.512000,1,True,10326,online,,,2024-08-02 09:29:10.959000,1934,,14,No cough,139177007,1,Day/s,2091,,,13,NA,Biosafety level 3,409604003,"Swallowed whole, not chewed",418693002,Oral surgery,394299009,Paracetamol 160mg tablet,370149001,3,Day/s,0,"[1, 0, 0]",2091,2091,14
2095,6,2024-08-02 09:43:40.509000,1,True,10326,online,,,2024-08-02 09:43:40.872000,1935,,15,Drug fever,95908009,1,Day/s,2095,,,14,NA,After lunch,1541000175107,Swallowed whole,420004004,Oral surgery,393349002,Paracetamol 650mg tablet,370151002,2,Day/s,0,"[1, 1, 1]",2095,2095,15
2102,6,2024-08-02 11:01:17.821000,1,True,10333,online,,,2024-08-02 11:01:18.570000,1937,,16,Fever,386661006,1,Day/s,2102,,,15,NA,After lunch,1541000175107,Swallow,421521009,Oral route,26643006,Paracetamol 500mg tablet,322236009,2,Day/s,0,"[1, 1, 1]",2102,2102,16
2108,6,2024-08-02 15:43:43.563000,1,True,10334,online,,,2024-08-02 18:31:25.937000,1939,,17,Unconscious,271784000,0,Week/s,2108,,,16,fhgutti,Once daily,229797004,Widowed mother's allowance,161000000,Oral,260548002,Product containing precisely cannabidiol 100 milligram/1 milliliter conventional release oral soluti...,895674004,123,Day/s,0,"[1, 1, 1]",2108,2108,17
2113,6,2024-08-02 19:17:31.816000,1,True,10318,online,,,2024-08-02 19:17:32.549000,1931,,18,Cough,49727002,1,Day/s,2113,,,17,NA,With or after food,311504000,Swallow,421521009,Oral route,26643006,Paracetamol 500mg tablet,322236009,2,Day/s,0,"[1, 1, 1]",2113,2113,18
2120,6,2024-08-03 11:38:41.163000,1,True,10337,online,,,2024-08-03 12:10:32.580000,1943,,19,Finding related to ability to unscrew a lid (finding),365170008,0,Week/s,2120,,,18,,Every morning,307472001,>2 fingers,260314002,Oral liquid,385022006,Cannabidiol 100 mg/mL oral solution,895674004,3,Week/s,0,"[1, 1, 1]",2120,2120,19
2125,6,2024-08-03 14:31:35.520000,1,False,10338,online,,,,1944,,20,Fever,386661006,1,Day/s,2125,,,19,,With meals,769557005,Oral,260548002,Oral surgery,393349002,Paracetamol 160mg tablet,370149001,3,Day/s,0,"[1, 1, 1]",2125,2125,20
2127,6,2024-08-03 15:15:48.880000,1,False,10338,online,,,,1945,,21,Fever,386661006,3,Day/s,2127,,,20,,Twice a day with meals,421589008,Dissolve or mix with water before taking,417995008,Oral,260548002,Paracetamol 500mg tablet,322236009,5,Day/s,0,"[1, 1, 1]",2127,2127,21
2131,6,2024-08-05 11:38:17.181000,1,False,10340,online,,,,1948,,22,Dirty home,224270005,3,Week/s,2131,,,21,,Six times daily,307441000,With plenty of water (qualifier value),419303009,Oral,260548002,Cannabidiol 25 mg/mL and delta-9-tetrahydrocannabinol 27 mg/mL oromucosal spray,1255478002,3,Week/s,0,"[1, 1, 1]",2131,2131,22
2136,6,2024-08-05 18:56:29.949000,1,False,10333,online,,,,1949,,23,Viral fever,10151000132103,1,Day/s,2136,,,22,NA,After dinner,1521000175104,Swallowed whole,420004004,Oral route,26643006,Paracetamol 650mg tablet,370151002,2,Day/s,0,"[1, 1, 1]",2136,2136,23
2143,6,2024-08-06 17:56:13.408000,1,True,10341,online,,,2024-08-06 17:56:13.820000,1950,,25,Skin dirty,247424000,3,Day/s,2143,,,23,,Daily with lunch,1761000175102,Mouse bioassay technique,1293039000,One hour after seventy five grams of glucose by mouth,703766008,Belladonna alkaloid 16.2 mg and opium 30 mg rectal suppository,389090000,1,Day/s,0,"[1, 1, 1]",2143,2143,25
2148,6,2024-08-07 13:30:11.120000,1,False,10343,online,,,,1954,,26,Fever,386661006,1,Day/s,2148,,,24,,After fasting,726054005,Oral,260548002,Oral route,26643006,Penicillamine 50 mg oral tablet,330025006,1,Day/s,0,"[1, 1, 1]",2148,2148,26
2160,6,2024-08-11 18:13:04.162000,1,True,10342,online,,,2024-08-11 18:13:04.516000,1986,,27,Cough,49727002,4,Day/s,2160,,,25,NA,With lunch,769560003,Swallow,421521009,Oral route,26643006,Paracetamol 325mg tablet,370150001,5,Day/s,0,"[1, 1, 1]",2160,2160,27
2162,6,2024-08-12 07:22:08.094000,1,True,10342,online,,,2024-08-12 07:22:08.541000,1987,,29,Fever,386661006,4,Day/s,2162,,,26,NA,With lunch,769560003,Swallow,421521009,Oral,260548002,Paracetamol 500mg tablet,322236009,5,Day/s,0,"[1, 1, 1]",2162,2162,29
2162,6,2024-08-12 07:22:08.094000,1,True,10342,online,,,2024-08-12 07:22:08.541000,1987,,29,Fever,386661006,4,Day/s,2162,,,26,NA,With lunch,769560003,Swallow,421521009,Oral,260548002,Paracetamol 500mg tablet,322236009,5,Day/s,0,"[1, 1, 1]",2162,2162,28
2162,6,2024-08-12 07:22:08.094000,1,True,10342,online,,,2024-08-12 07:22:08.541000,1987,,28,Cough,49727002,4,Day/s,2162,,,26,NA,With lunch,769560003,Swallow,421521009,Oral,260548002,Paracetamol 500mg tablet,322236009,5,Day/s,0,"[1, 1, 1]",2162,2162,29
2162,6,2024-08-12 07:22:08.094000,1,True,10342,online,,,2024-08-12 07:22:08.541000,1987,,28,Cough,49727002,4,Day/s,2162,,,26,NA,With lunch,769560003,Swallow,421521009,Oral,260548002,Paracetamol 500mg tablet,322236009,5,Day/s,0,"[1, 1, 1]",2162,2162,28
2162,6,2024-08-12 07:22:08.094000,1,True,10342,online,,,2024-08-12 07:22:08.541000,1987,,29,Fever,386661006,4,Day/s,2162,,,27,NA,With lunch,769560003,Swallow,421521009,Oral route,26643006,Ibuprofen 400mg tablet,329653008,5,Day/s,0,"[1, 1, 1]",2162,2162,29
2162,6,2024-08-12 07:22:08.094000,1,True,10342,online,,,2024-08-12 07:22:08.541000,1987,,29,Fever,386661006,4,Day/s,2162,,,27,NA,With lunch,769560003,Swallow,421521009,Oral route,26643006,Ibuprofen 400mg tablet,329653008,5,Day/s,0,"[1, 1, 1]",2162,2162,28
2162,6,2024-08-12 07:22:08.094000,1,True,10342,online,,,2024-08-12 07:22:08.541000,1987,,28,Cough,49727002,4,Day/s,2162,,,27,NA,With lunch,769560003,Swallow,421521009,Oral route,26643006,Ibuprofen 400mg tablet,329653008,5,Day/s,0,"[1, 1, 1]",2162,2162,29
2162,6,2024-08-12 07:22:08.094000,1,True,10342,online,,,2024-08-12 07:22:08.541000,1987,,28,Cough,49727002,4,Day/s,2162,,,27,NA,With lunch,769560003,Swallow,421521009,Oral route,26643006,Ibuprofen 400mg tablet,329653008,5,Day/s,0,"[1, 1, 1]",2162,2162,28
2169,6,2024-08-12 11:22:58.891000,1,True,10360,online,,,2024-08-12 11:22:59.890000,1990,,30,Arterial carbon dioxide within reference range (finding),167029007,3,Day/s,2169,,,28,,Duration of individual treatment,226028008,Mixed venous and arterial (qualifier value),263814009,Oral liquid,385022006,Product containing precisely cannabidiol 100 milligram/1 milliliter conventional release oral soluti...,895674004,2,Day/s,0,"[1, 1, 1]",2169,2169,30
2185,6,2024-08-13 09:59:53.612000,1,True,10365,online,,,2024-08-13 09:59:53.972000,1998,,31,Optic cup filled,247202002,9,Week/s,2185,,,29,,Mixed,26242008,Mixtec language,297791004,Oral liquid,385022006,Cannabidiol 100 mg/mL oral solution,895674004,7,Month/s,0,"[1, 1, 1]",2185,2185,31
2188,6,2024-08-13 11:28:13.105000,1,True,10363,online,,,2024-08-13 11:28:13.897000,1999,,32,Cough,49727002,4,Day/s,2188,,,30,NA,With lunch,769560003,Swallow,421521009,Oral route,26643006,Paracetamol 650mg tablet,370151002,1,Day/s,0,"[1, 1, 1]",2188,2188,32
2192,6,2024-08-13 12:09:49.529000,1,True,10366,online,,,2024-08-13 12:09:50.274000,2000,,33,Dry cough,11833005,1,Day/s,2192,,,31,NA,With lunch,769560003,Swallow,421521009,Oral route,26643006,Paracetamol 160mg tablet,370149001,1,Day/s,0,"[1, 1, 1]",2192,2192,33
2199,6,2024-08-13 14:20:15.834000,1,True,10361,online,,,2024-08-13 14:20:16.958000,2005,,34,Feverish cold,366946004,1,Day/s,2199,,,32,NA,After food,225758001,Swallow,421521009,Oral,260548002,Paracetamol 325mg tablet,370150001,2,Day/s,0,"[1, 1, 1]",2199,2199,34
2201,6,2024-08-13 15:15:25.588000,1,True,10368,online,,,2024-08-13 15:15:26.214000,2006,,35,Fever,386661006,2,Day/s,2201,,,33,"High Fever, bed Rest",After food,225758001,Swallow,421521009,Oral,260548002,Paracetamol 650mg tablet,370151002,2,Day/s,0,"[1, 0, 1]",2201,2201,35
2205,6,2024-08-14 12:01:22.213000,1,True,10370,online,,,2024-08-14 12:01:23.209000,2017,,36,Born in Ethiopia,161325000,2,Day/s,2205,,,34,,Night and morning,309614008,Mixed venoarterial and venovenous (qualifier value),261945002,Oral surgery,394605001,Product containing precisely cannabidiol 100 milligram/1 milliliter conventional release oral soluti...,895674004,6,Day/s,0,"[1, 1, 1]",2205,2205,36
2404,6,2024-09-06 14:21:29.554000,1,True,10631,online,,,2024-09-06 14:28:59.774000,2388,,78,Feverish cold,367171008,3,Day/s,2404,,,69,,After food,225758001,Swallow,421521009,Oral route,26643006,Paracetamol 500mg capsule,322280009,10,Day/s,0,"[1, 0, 1]",2404,2404,78
2404,6,2024-09-06 14:21:29.554000,1,True,10631,online,,,2024-09-06 14:28:59.774000,2388,,78,Feverish cold,367171008,3,Day/s,2404,,,69,,After food,225758001,Swallow,421521009,Oral route,26643006,Paracetamol 500mg capsule,322280009,10,Day/s,0,"[1, 0, 1]",2404,2404,77
2404,6,2024-09-06 14:21:29.554000,1,True,10631,online,,,2024-09-06 14:28:59.774000,2388,,77,Fever,386661006,7,Day/s,2404,,,69,,After food,225758001,Swallow,421521009,Oral route,26643006,Paracetamol 500mg capsule,322280009,10,Day/s,0,"[1, 0, 1]",2404,2404,78
2404,6,2024-09-06 14:21:29.554000,1,True,10631,online,,,2024-09-06 14:28:59.774000,2388,,77,Fever,386661006,7,Day/s,2404,,,69,,After food,225758001,Swallow,421521009,Oral route,26643006,Paracetamol 500mg capsule,322280009,10,Day/s,0,"[1, 0, 1]",2404,2404,77
2214,6,2024-08-16 09:42:41.918000,1,True,10374,online,,,2024-08-16 10:27:20.018000,2028,,37,Trunk feels cold,248429007,1,Day/s,2214,,,35,,Every morning,307472001,Salinem (qualifier value),262125008,Oral liquid,385022006,Sodium iopodate 500 mg/1 each oral capsule,337375002,21,Day/s,0,"[1, 1, 1]",2214,2214,37
2223,6,2024-08-20 12:24:11.064000,1,True,10384,online,,,2024-08-20 12:24:11.827000,2060,,38,Patient suffering from mental illness under the MHA 1983,303001000,1,Month/s,2223,,,36,,Every lunchtime,444752003,Dissolve or mix with water before taking (qualifier value),417995008,Oral,260548002,Cannabidiol 100 mg/mL oral solution,895674004,1,Week/s,0,"[1, 1, 1]",2223,2223,38
2229,6,2024-08-20 14:40:13.117000,1,True,10385,online,,,2024-08-20 14:40:14.161000,2062,,39,Allergy to ertapenem,441725009,0,Week/s,2229,,,37,u,Try-in of device - action,360154009,Waterskiing,34310006,Oral,260548002,Ertugliflozin (as ertugliflozin pidolate) 5 mg and sitagliptin (as sitagliptin phosphate) 100 mg ora...,1303104004,u,Day/s,0,"[1, 1, 1]",2229,2229,39
2239,6,2024-08-21 09:02:46.663000,1,True,10391,online,,,2024-08-21 09:02:47.340000,2069,,40,Born in Ethiopia,138597003,1,Day/s,2239,,,38,N-ok,Free dental treatment,161025009,1.876 (qualifier value),732437001,Oral surgery,394605001,Vidarabine 3% opthalmic ointment (product),392553005,1,Week/s,0,"[1, 1, 1]",2239,2239,40
2247,6,2024-08-22 09:14:42.866000,1,True,10395,online,,,2024-08-22 09:15:13.678000,2078,,41,Allergy to itraconazole,294366006,3,Day/s,2247,,,39,,Free dental treatment,161025009,Waters - 35 degree tilt to radiographic baseline,260473000,Oral route,26643006,Product containing precisely iodine (as iotroxate meglumine) 50 milligram/1 milliliter conventional ...,1208343006,1,Week/s,0,"[1, 1, 1]",2247,2247,41
2257,6,2024-08-23 22:41:42.978000,1,True,10400,online,,,2024-08-23 22:41:44.109000,2085,,42,Fever,386661006,2,Day/s,2257,,,40,NA,With lunch,769560003,Swallow,421521009,Oral route,26643006,Paracetamol 325mg tablet,370150001,5,Day/s,0,"[1, 1, 1]",2257,2257,42
2260,6,2024-08-24 15:32:54.618000,1,False,10401,online,,,,2086,,43,Derealization,40806005,0,Day/s,2260,,,41,,Assertion,397747003,Water-borne transmission,418117003,Orange color,371242008,Iron (as ferric derisomaltose) 50 mg/mL solution for injection,1172495002,1,Day/s,0,"[1, 1, 1]",2260,2260,43
2264,6,2024-08-26 09:12:29.657000,1,True,10402,online,,,2024-08-26 09:12:30.444000,2096,,44,Swelling,65124004,3,Week/s,2264,,,42,,IU/0.1mL (qualifier value),282410006,Injection - action,129326001,Body cavity scope approach,304127005,Ketamine (as ketamine hydrochloride) 1 g/10 mL solution for injection vial,769852008,2,Week/s,0,"[1, 1, 1]",2264,2264,44
2278,6,2024-08-27 15:27:23.207000,1,False,10407,online,,,,2125,,46,Dry eye,139560003,12,Week/s,2278,,,44,,Afternoon,422133006,Oral,260548002,Oral,260548002,Paracetamol 160mg tablet,370149001,12,Week/s,0,"[1, 1, 1]",2278,2278,46
2279,6,2024-08-27 15:29:14.876000,1,False,10407,online,,,,2124,,47,Dry eye,139560003,12,Day/s,2279,,,45,,After fasting,726054005,Oral liquid,385022006,Oral liquid,385022006,Paracetamol 500mg capsule,322280009,12,Month/s,0,"[1, 1, 1]",2279,2279,47
2290,6,2024-08-27 18:49:33.692000,1,False,10397,online,,,,2131,,,,,,,,,,46,Checking notes,,0,,0,,0,Amoxicillin,0,1,Day,0,[],2290,,
2290,6,2024-08-27 18:49:33.692000,1,False,10397,online,,,,2131,,,,,,,,,,47,Checking manual duration,,0,,0,,0,Atorvastatin,0,12,Day/s,0,[],2290,,
2298,6,2024-08-28 23:15:59.185000,1,False,10425,online,,,,2152,,55,Crime inj comp cert NOS,153075002,1,Week/s,2298,,,48,,Mordvin language,297920003,Injection,385218009,Oral liquid,385022006,Cannabidiol 100 mg/mL oral solution,895674004,1,Day/s,0,"[1, 1, 1]",2298,2298,55
2304,6,2024-08-29 13:50:21.971000,1,True,10580,online,,,2024-08-29 13:50:22.421000,2309,,56,Trembling,274896001,1,Day/s,2304,,,49,,Cyclotron,78898006,Engaged in waterskiing (qualifier value),34310006,"This level includes drinks that flow off a spoon and are sippable, pour quickly from a spoon, but sl...",1237442003,Cannabidiol 100 mg/mL oral solution,895674004,1,Day/s,0,"[1, 1, 1]",2304,2304,56
2314,6,2024-08-29 16:35:50.585000,1,True,10322,online,,,2024-08-29 16:35:51.088000,2316,,57,Headache,139490008,2,Day/s,2314,,,50,,Before food,311500009,Oral,260548002,Oral,260548002,Lisinopril 10mg tablet,318859000,7,Day/s,0,"[1, 0]",2314,2314,57
2318,6,2024-08-29 23:32:11.266000,1,True,10368,online,,,2024-08-29 23:32:11.942000,2322,,58,Confused,271592006,2,Day/s,2318,,,51,,Klamath language,297795008,Method values,277262009,Manhao 2,262434007,Paracetamol 325mg tablet,370150001,2,Day/s,0,"[1, 0, 1]",2318,2318,58
2326,6,2024-08-30 13:08:09.318000,1,True,10589,online,,,2024-08-30 13:08:10.552000,2329,,59,Back pain,399079008,3,Day/s,2326,,,52,,Before food,311500009,Oral,260548002,Oral route,26643006,Lisinopril 10mg tablet,318859000,7,Day/s,0,"[1, 0]",2326,2326,59
2337,6,2024-08-31 17:44:41.069000,1,True,10599,online,,,2024-09-02 12:44:48.791000,2341,,62,Back pain,419258005,1,Week/s,2337,,,53,,After food,225758001,Swallow,421521009,Oral route,26643006,Paracetamol 500mg tablet,322236009,6,Day/s,0,"[1, 0, 1]",2337,2337,62
2337,6,2024-08-31 17:44:41.069000,1,True,10599,online,,,2024-09-02 12:44:48.791000,2341,,62,Back pain,419258005,1,Week/s,2337,,,53,,After food,225758001,Swallow,421521009,Oral route,26643006,Paracetamol 500mg tablet,322236009,6,Day/s,0,"[1, 0, 1]",2337,2337,61
2337,6,2024-08-31 17:44:41.069000,1,True,10599,online,,,2024-09-02 12:44:48.791000,2341,,62,Back pain,419258005,1,Week/s,2337,,,53,,After food,225758001,Swallow,421521009,Oral route,26643006,Paracetamol 500mg tablet,322236009,6,Day/s,0,"[1, 0, 1]",2337,2337,60
2337,6,2024-08-31 17:44:41.069000,1,True,10599,online,,,2024-09-02 12:44:48.791000,2341,,61,Feels cold,64713002,3,Day/s,2337,,,53,,After food,225758001,Swallow,421521009,Oral route,26643006,Paracetamol 500mg tablet,322236009,6,Day/s,0,"[1, 0, 1]",2337,2337,62
2337,6,2024-08-31 17:44:41.069000,1,True,10599,online,,,2024-09-02 12:44:48.791000,2341,,61,Feels cold,64713002,3,Day/s,2337,,,53,,After food,225758001,Swallow,421521009,Oral route,26643006,Paracetamol 500mg tablet,322236009,6,Day/s,0,"[1, 0, 1]",2337,2337,61
2337,6,2024-08-31 17:44:41.069000,1,True,10599,online,,,2024-09-02 12:44:48.791000,2341,,61,Feels cold,64713002,3,Day/s,2337,,,53,,After food,225758001,Swallow,421521009,Oral route,26643006,Paracetamol 500mg tablet,322236009,6,Day/s,0,"[1, 0, 1]",2337,2337,60
2337,6,2024-08-31 17:44:41.069000,1,True,10599,online,,,2024-09-02 12:44:48.791000,2341,,60,Fever,386661006,3,Day/s,2337,,,53,,After food,225758001,Swallow,421521009,Oral route,26643006,Paracetamol 500mg tablet,322236009,6,Day/s,0,"[1, 0, 1]",2337,2337,62
2337,6,2024-08-31 17:44:41.069000,1,True,10599,online,,,2024-09-02 12:44:48.791000,2341,,60,Fever,386661006,3,Day/s,2337,,,53,,After food,225758001,Swallow,421521009,Oral route,26643006,Paracetamol 500mg tablet,322236009,6,Day/s,0,"[1, 0, 1]",2337,2337,61
2337,6,2024-08-31 17:44:41.069000,1,True,10599,online,,,2024-09-02 12:44:48.791000,2341,,60,Fever,386661006,3,Day/s,2337,,,53,,After food,225758001,Swallow,421521009,Oral route,26643006,Paracetamol 500mg tablet,322236009,6,Day/s,0,"[1, 0, 1]",2337,2337,60
2337,6,2024-08-31 17:44:41.069000,1,True,10599,online,,,2024-09-02 12:44:48.791000,2341,,62,Back pain,419258005,1,Week/s,2337,,,54,,After food,225758001,Swallow,421521009,Oral,260548002,Azithromycin 500mg tablet,324258005,8,Day/s,0,"[1, 0, 1]",2337,2337,62
2337,6,2024-08-31 17:44:41.069000,1,True,10599,online,,,2024-09-02 12:44:48.791000,2341,,62,Back pain,419258005,1,Week/s,2337,,,54,,After food,225758001,Swallow,421521009,Oral,260548002,Azithromycin 500mg tablet,324258005,8,Day/s,0,"[1, 0, 1]",2337,2337,61
2337,6,2024-08-31 17:44:41.069000,1,True,10599,online,,,2024-09-02 12:44:48.791000,2341,,62,Back pain,419258005,1,Week/s,2337,,,54,,After food,225758001,Swallow,421521009,Oral,260548002,Azithromycin 500mg tablet,324258005,8,Day/s,0,"[1, 0, 1]",2337,2337,60
2337,6,2024-08-31 17:44:41.069000,1,True,10599,online,,,2024-09-02 12:44:48.791000,2341,,61,Feels cold,64713002,3,Day/s,2337,,,54,,After food,225758001,Swallow,421521009,Oral,260548002,Azithromycin 500mg tablet,324258005,8,Day/s,0,"[1, 0, 1]",2337,2337,62
2337,6,2024-08-31 17:44:41.069000,1,True,10599,online,,,2024-09-02 12:44:48.791000,2341,,61,Feels cold,64713002,3,Day/s,2337,,,54,,After food,225758001,Swallow,421521009,Oral,260548002,Azithromycin 500mg tablet,324258005,8,Day/s,0,"[1, 0, 1]",2337,2337,61
2337,6,2024-08-31 17:44:41.069000,1,True,10599,online,,,2024-09-02 12:44:48.791000,2341,,61,Feels cold,64713002,3,Day/s,2337,,,54,,After food,225758001,Swallow,421521009,Oral,260548002,Azithromycin 500mg tablet,324258005,8,Day/s,0,"[1, 0, 1]",2337,2337,60
2337,6,2024-08-31 17:44:41.069000,1,True,10599,online,,,2024-09-02 12:44:48.791000,2341,,60,Fever,386661006,3,Day/s,2337,,,54,,After food,225758001,Swallow,421521009,Oral,260548002,Azithromycin 500mg tablet,324258005,8,Day/s,0,"[1, 0, 1]",2337,2337,62
2337,6,2024-08-31 17:44:41.069000,1,True,10599,online,,,2024-09-02 12:44:48.791000,2341,,60,Fever,386661006,3,Day/s,2337,,,54,,After food,225758001,Swallow,421521009,Oral,260548002,Azithromycin 500mg tablet,324258005,8,Day/s,0,"[1, 0, 1]",2337,2337,61
2337,6,2024-08-31 17:44:41.069000,1,True,10599,online,,,2024-09-02 12:44:48.791000,2341,,60,Fever,386661006,3,Day/s,2337,,,54,,After food,225758001,Swallow,421521009,Oral,260548002,Azithromycin 500mg tablet,324258005,8,Day/s,0,"[1, 0, 1]",2337,2337,60
2337,6,2024-08-31 17:44:41.069000,1,True,10599,online,,,2024-09-02 12:44:48.791000,2341,,62,Back pain,419258005,1,Week/s,2337,,,55,,Before food,311500009,Swallow,421521009,Oral route,26643006,Pindolol 5mg tablet,318512002,5,Day/s,0,"[1, 0, 1]",2337,2337,62
2337,6,2024-08-31 17:44:41.069000,1,True,10599,online,,,2024-09-02 12:44:48.791000,2341,,62,Back pain,419258005,1,Week/s,2337,,,55,,Before food,311500009,Swallow,421521009,Oral route,26643006,Pindolol 5mg tablet,318512002,5,Day/s,0,"[1, 0, 1]",2337,2337,61
2337,6,2024-08-31 17:44:41.069000,1,True,10599,online,,,2024-09-02 12:44:48.791000,2341,,62,Back pain,419258005,1,Week/s,2337,,,55,,Before food,311500009,Swallow,421521009,Oral route,26643006,Pindolol 5mg tablet,318512002,5,Day/s,0,"[1, 0, 1]",2337,2337,60
2337,6,2024-08-31 17:44:41.069000,1,True,10599,online,,,2024-09-02 12:44:48.791000,2341,,61,Feels cold,64713002,3,Day/s,2337,,,55,,Before food,311500009,Swallow,421521009,Oral route,26643006,Pindolol 5mg tablet,318512002,5,Day/s,0,"[1, 0, 1]",2337,2337,62
2337,6,2024-08-31 17:44:41.069000,1,True,10599,online,,,2024-09-02 12:44:48.791000,2341,,61,Feels cold,64713002,3,Day/s,2337,,,55,,Before food,311500009,Swallow,421521009,Oral route,26643006,Pindolol 5mg tablet,318512002,5,Day/s,0,"[1, 0, 1]",2337,2337,61
2337,6,2024-08-31 17:44:41.069000,1,True,10599,online,,,2024-09-02 12:44:48.791000,2341,,61,Feels cold,64713002,3,Day/s,2337,,,55,,Before food,311500009,Swallow,421521009,Oral route,26643006,Pindolol 5mg tablet,318512002,5,Day/s,0,"[1, 0, 1]",2337,2337,60
2337,6,2024-08-31 17:44:41.069000,1,True,10599,online,,,2024-09-02 12:44:48.791000,2341,,60,Fever,386661006,3,Day/s,2337,,,55,,Before food,311500009,Swallow,421521009,Oral route,26643006,Pindolol 5mg tablet,318512002,5,Day/s,0,"[1, 0, 1]",2337,2337,62
2337,6,2024-08-31 17:44:41.069000,1,True,10599,online,,,2024-09-02 12:44:48.791000,2341,,60,Fever,386661006,3,Day/s,2337,,,55,,Before food,311500009,Swallow,421521009,Oral route,26643006,Pindolol 5mg tablet,318512002,5,Day/s,0,"[1, 0, 1]",2337,2337,61
2337,6,2024-08-31 17:44:41.069000,1,True,10599,online,,,2024-09-02 12:44:48.791000,2341,,60,Fever,386661006,3,Day/s,2337,,,55,,Before food,311500009,Swallow,421521009,Oral route,26643006,Pindolol 5mg tablet,318512002,5,Day/s,0,"[1, 0, 1]",2337,2337,60
2349,6,2024-09-02 11:45:14.021000,1,True,10322,online,,,2024-09-02 11:45:15.576000,2349,,63,Headache,25064002,3,Day/s,2349,,,56,,Monitoring - action,360152008,Oral,260548002,Oral route,26643006,Losartan potassium 50mg tablet,318956006,30,Day/s,0,"[1, 0]",2349,2349,63
2353,6,2024-09-02 13:19:08.830000,1,True,10604,online,,,2024-09-02 13:19:09.960000,2351,,66,Backache,161891005,1,Week/s,2353,,,57,,After food,225758001,Swallow,421521009,Oral route,26643006,Paracetamol 650mg tablet,370151002,5,Day/s,0,"[1, 0, 1]",2353,2353,66
2353,6,2024-09-02 13:19:08.830000,1,True,10604,online,,,2024-09-02 13:19:09.960000,2351,,66,Backache,161891005,1,Week/s,2353,,,57,,After food,225758001,Swallow,421521009,Oral route,26643006,Paracetamol 650mg tablet,370151002,5,Day/s,0,"[1, 0, 1]",2353,2353,65
2353,6,2024-09-02 13:19:08.830000,1,True,10604,online,,,2024-09-02 13:19:09.960000,2351,,66,Backache,161891005,1,Week/s,2353,,,57,,After food,225758001,Swallow,421521009,Oral route,26643006,Paracetamol 650mg tablet,370151002,5,Day/s,0,"[1, 0, 1]",2353,2353,64
2353,6,2024-09-02 13:19:08.830000,1,True,10604,online,,,2024-09-02 13:19:09.960000,2351,,65,Cold feet,271585001,3,Day/s,2353,,,57,,After food,225758001,Swallow,421521009,Oral route,26643006,Paracetamol 650mg tablet,370151002,5,Day/s,0,"[1, 0, 1]",2353,2353,66
2353,6,2024-09-02 13:19:08.830000,1,True,10604,online,,,2024-09-02 13:19:09.960000,2351,,65,Cold feet,271585001,3,Day/s,2353,,,57,,After food,225758001,Swallow,421521009,Oral route,26643006,Paracetamol 650mg tablet,370151002,5,Day/s,0,"[1, 0, 1]",2353,2353,65
2353,6,2024-09-02 13:19:08.830000,1,True,10604,online,,,2024-09-02 13:19:09.960000,2351,,65,Cold feet,271585001,3,Day/s,2353,,,57,,After food,225758001,Swallow,421521009,Oral route,26643006,Paracetamol 650mg tablet,370151002,5,Day/s,0,"[1, 0, 1]",2353,2353,64
2353,6,2024-09-02 13:19:08.830000,1,True,10604,online,,,2024-09-02 13:19:09.960000,2351,,64,Fever,386661006,5,Day/s,2353,,,57,,After food,225758001,Swallow,421521009,Oral route,26643006,Paracetamol 650mg tablet,370151002,5,Day/s,0,"[1, 0, 1]",2353,2353,66
2353,6,2024-09-02 13:19:08.830000,1,True,10604,online,,,2024-09-02 13:19:09.960000,2351,,64,Fever,386661006,5,Day/s,2353,,,57,,After food,225758001,Swallow,421521009,Oral route,26643006,Paracetamol 650mg tablet,370151002,5,Day/s,0,"[1, 0, 1]",2353,2353,65
2353,6,2024-09-02 13:19:08.830000,1,True,10604,online,,,2024-09-02 13:19:09.960000,2351,,64,Fever,386661006,5,Day/s,2353,,,57,,After food,225758001,Swallow,421521009,Oral route,26643006,Paracetamol 650mg tablet,370151002,5,Day/s,0,"[1, 0, 1]",2353,2353,64
2353,6,2024-09-02 13:19:08.830000,1,True,10604,online,,,2024-09-02 13:19:09.960000,2351,,66,Backache,161891005,1,Week/s,2353,,,58,,Before food,311500009,Swallow,421521009,Oral route,26643006,Silodosin 4mg capsule,441644005,5,Day/s,0,"[1, 0, 1]",2353,2353,66
2353,6,2024-09-02 13:19:08.830000,1,True,10604,online,,,2024-09-02 13:19:09.960000,2351,,66,Backache,161891005,1,Week/s,2353,,,58,,Before food,311500009,Swallow,421521009,Oral route,26643006,Silodosin 4mg capsule,441644005,5,Day/s,0,"[1, 0, 1]",2353,2353,65
2353,6,2024-09-02 13:19:08.830000,1,True,10604,online,,,2024-09-02 13:19:09.960000,2351,,66,Backache,161891005,1,Week/s,2353,,,58,,Before food,311500009,Swallow,421521009,Oral route,26643006,Silodosin 4mg capsule,441644005,5,Day/s,0,"[1, 0, 1]",2353,2353,64
2353,6,2024-09-02 13:19:08.830000,1,True,10604,online,,,2024-09-02 13:19:09.960000,2351,,65,Cold feet,271585001,3,Day/s,2353,,,58,,Before food,311500009,Swallow,421521009,Oral route,26643006,Silodosin 4mg capsule,441644005,5,Day/s,0,"[1, 0, 1]",2353,2353,66
2353,6,2024-09-02 13:19:08.830000,1,True,10604,online,,,2024-09-02 13:19:09.960000,2351,,65,Cold feet,271585001,3,Day/s,2353,,,58,,Before food,311500009,Swallow,421521009,Oral route,26643006,Silodosin 4mg capsule,441644005,5,Day/s,0,"[1, 0, 1]",2353,2353,65
2353,6,2024-09-02 13:19:08.830000,1,True,10604,online,,,2024-09-02 13:19:09.960000,2351,,65,Cold feet,271585001,3,Day/s,2353,,,58,,Before food,311500009,Swallow,421521009,Oral route,26643006,Silodosin 4mg capsule,441644005,5,Day/s,0,"[1, 0, 1]",2353,2353,64
2353,6,2024-09-02 13:19:08.830000,1,True,10604,online,,,2024-09-02 13:19:09.960000,2351,,64,Fever,386661006,5,Day/s,2353,,,58,,Before food,311500009,Swallow,421521009,Oral route,26643006,Silodosin 4mg capsule,441644005,5,Day/s,0,"[1, 0, 1]",2353,2353,66
2353,6,2024-09-02 13:19:08.830000,1,True,10604,online,,,2024-09-02 13:19:09.960000,2351,,64,Fever,386661006,5,Day/s,2353,,,58,,Before food,311500009,Swallow,421521009,Oral route,26643006,Silodosin 4mg capsule,441644005,5,Day/s,0,"[1, 0, 1]",2353,2353,65
2353,6,2024-09-02 13:19:08.830000,1,True,10604,online,,,2024-09-02 13:19:09.960000,2351,,64,Fever,386661006,5,Day/s,2353,,,58,,Before food,311500009,Swallow,421521009,Oral route,26643006,Silodosin 4mg capsule,441644005,5,Day/s,0,"[1, 0, 1]",2353,2353,64
2353,6,2024-09-02 13:19:08.830000,1,True,10604,online,,,2024-09-02 13:19:09.960000,2351,,66,Backache,161891005,1,Week/s,2353,,,59,,After food,225758001,Swallow,421521009,Oral route,26643006,Troleandomycin 250 mg oral capsule,371017006,3,Day/s,0,"[1, 0, 1]",2353,2353,66
2353,6,2024-09-02 13:19:08.830000,1,True,10604,online,,,2024-09-02 13:19:09.960000,2351,,66,Backache,161891005,1,Week/s,2353,,,59,,After food,225758001,Swallow,421521009,Oral route,26643006,Troleandomycin 250 mg oral capsule,371017006,3,Day/s,0,"[1, 0, 1]",2353,2353,65
2353,6,2024-09-02 13:19:08.830000,1,True,10604,online,,,2024-09-02 13:19:09.960000,2351,,66,Backache,161891005,1,Week/s,2353,,,59,,After food,225758001,Swallow,421521009,Oral route,26643006,Troleandomycin 250 mg oral capsule,371017006,3,Day/s,0,"[1, 0, 1]",2353,2353,64
2353,6,2024-09-02 13:19:08.830000,1,True,10604,online,,,2024-09-02 13:19:09.960000,2351,,65,Cold feet,271585001,3,Day/s,2353,,,59,,After food,225758001,Swallow,421521009,Oral route,26643006,Troleandomycin 250 mg oral capsule,371017006,3,Day/s,0,"[1, 0, 1]",2353,2353,66
2353,6,2024-09-02 13:19:08.830000,1,True,10604,online,,,2024-09-02 13:19:09.960000,2351,,65,Cold feet,271585001,3,Day/s,2353,,,59,,After food,225758001,Swallow,421521009,Oral route,26643006,Troleandomycin 250 mg oral capsule,371017006,3,Day/s,0,"[1, 0, 1]",2353,2353,65
2353,6,2024-09-02 13:19:08.830000,1,True,10604,online,,,2024-09-02 13:19:09.960000,2351,,65,Cold feet,271585001,3,Day/s,2353,,,59,,After food,225758001,Swallow,421521009,Oral route,26643006,Troleandomycin 250 mg oral capsule,371017006,3,Day/s,0,"[1, 0, 1]",2353,2353,64
2353,6,2024-09-02 13:19:08.830000,1,True,10604,online,,,2024-09-02 13:19:09.960000,2351,,64,Fever,386661006,5,Day/s,2353,,,59,,After food,225758001,Swallow,421521009,Oral route,26643006,Troleandomycin 250 mg oral capsule,371017006,3,Day/s,0,"[1, 0, 1]",2353,2353,66
2353,6,2024-09-02 13:19:08.830000,1,True,10604,online,,,2024-09-02 13:19:09.960000,2351,,64,Fever,386661006,5,Day/s,2353,,,59,,After food,225758001,Swallow,421521009,Oral route,26643006,Troleandomycin 250 mg oral capsule,371017006,3,Day/s,0,"[1, 0, 1]",2353,2353,65
2353,6,2024-09-02 13:19:08.830000,1,True,10604,online,,,2024-09-02 13:19:09.960000,2351,,64,Fever,386661006,5,Day/s,2353,,,59,,After food,225758001,Swallow,421521009,Oral route,26643006,Troleandomycin 250 mg oral capsule,371017006,3,Day/s,0,"[1, 0, 1]",2353,2353,64
2362,6,2024-09-02 16:57:15.081000,1,True,10603,online,,,2024-09-02 16:57:16.477000,2357,,67,Macrobiotic diet,102268008,1,Week/s,2362,,,60,NA,Six times daily,307441000,Mixe language,297838004,With plenty of water,419303009,Cannabidiol 25 mg/mL and delta-9-tetrahydrocannabinol 27 mg/mL oromucosal spray,1255478002,1,Week/s,0,"[1, 1, 1]",2362,2362,67
2367,6,2024-09-02 17:07:54.323000,1,True,10603,online,,,2024-09-02 17:07:55.900000,2358,,68,Flat optic disc,830294002,2,Week/s,2367,,,61,,Brahui language (qualifier value),297442009,Watery (qualifier value),1292978005,Mix (qualifier value),421826007,Candesartan cilexetil 16mg tablet,318980005,6,Day/s,0,"[1, 1, 1]",2367,2367,68
2376,6,2024-09-03 22:10:38.391000,1,True,10383,online,,,2024-09-03 22:10:38.749000,2365,,69,Fever,386661006,2,Day/s,2376,,,62,NONE,After food,225758001,Swallow,421521009,Oral,260548002,Paracetamol 650mg tablet,370151002,2,Day/s,0,"[1, 0, 1]",2376,2376,69
2384,6,2024-09-04 17:32:31.701000,1,True,10383,online,,,2024-09-04 17:32:32.432000,2324,,71,Fever,386661006,2,Week/s,2384,,,63,NA,After food,225758001,Swallow,421521009,Oral route,26643006,Paracetamol 160mg tablet,370149001,2,Day/s,0,"[1, 0, 0]",2384,2384,71
2386,6,2024-09-04 17:39:48.839000,1,True,10616,online,,,2024-09-04 17:39:49.153000,2369,,72,FEV normal,165042006,2,Day/s,2386,,,64,,After food,225758001,Swallow clinic,310133000,Oral,260548002,Paracetamol 160mg tablet,370149001,2,Day/s,0,"[1, 1, 1]",2386,2386,72
2389,6,2024-09-04 18:16:26.830000,1,True,10617,online,,,,2371,,73,Feverish cold,367171008,5,Day/s,2389,,,65,,After food,225758001,Swallow,421521009,Oral route,26643006,Paracetamol 500mg tablet,322236009,5,Day/s,0,"[1, 0, 1]",2389,2389,73
2391,6,2024-09-04 18:51:35.568000,1,True,10618,online,,,2024-09-04 18:51:36.151000,2372,,74,Ear normal,300196000,8,Day/s,2391,,,66,,morgan,304616007,White water rafting,102401001,Oral route,26643006,Product containing precisely cannabinol 25 milligram/1 milliliter and tetrahydrocannabinol 27 millig...,785992006,1,Week/s,0,"[1, 1, 1]",2391,2391,74
2393,6,2024-09-05 08:37:29.340000,1,False,10617,online,,,,2373,,75,Drug fever,95908009,10,Day/s,2393,,,67,NA,With lunch,769560003,Swallow,421521009,Oral,260548002,Paracetamol 500mg tablet,322236009,10,Day/s,0,"[1, 1, 1]",2393,2393,75
2395,6,2024-09-05 09:07:50.136000,1,True,10381,online,,,2024-09-05 09:07:50.956000,2374,,76,Fever,386661006,1,Day/s,2395,,,68,NA,With lunch,769560003,Swallow,421521009,Oral route,26643006,Paracetamol 500mg tablet,322236009,10,Day/s,0,"[1, 1, 1]",2395,2395,76
2404,6,2024-09-06 14:21:29.554000,1,True,10631,online,,,2024-09-06 14:28:59.774000,2388,,78,Feverish cold,367171008,3,Day/s,2404,,,70,,After food,225758001,Swallow,421521009,Oral route,26643006,Citalopram 20mg tablet,321987003,5,Day/s,0,"[1, 0, 1]",2404,2404,78
2404,6,2024-09-06 14:21:29.554000,1,True,10631,online,,,2024-09-06 14:28:59.774000,2388,,78,Feverish cold,367171008,3,Day/s,2404,,,70,,After food,225758001,Swallow,421521009,Oral route,26643006,Citalopram 20mg tablet,321987003,5,Day/s,0,"[1, 0, 1]",2404,2404,77
2404,6,2024-09-06 14:21:29.554000,1,True,10631,online,,,2024-09-06 14:28:59.774000,2388,,77,Fever,386661006,7,Day/s,2404,,,70,,After food,225758001,Swallow,421521009,Oral route,26643006,Citalopram 20mg tablet,321987003,5,Day/s,0,"[1, 0, 1]",2404,2404,78
2404,6,2024-09-06 14:21:29.554000,1,True,10631,online,,,2024-09-06 14:28:59.774000,2388,,77,Fever,386661006,7,Day/s,2404,,,70,,After food,225758001,Swallow,421521009,Oral route,26643006,Citalopram 20mg tablet,321987003,5,Day/s,0,"[1, 0, 1]",2404,2404,77
2418,6,2024-09-10 11:39:31.725000,1,True,10398,online,,,2024-09-10 11:39:33.258000,2404,,79,Arthritis,372091005,1,Week/s,2418,,,71,,100,420528006,Oral,260548002,Oral route,26643006,Ibuprofen 10% gel,330274004,1 ,Week/s,0,"[1, 0]",2418,2418,79
2421,6,2024-09-10 15:03:05.193000,1,True,10644,online,,,2024-09-10 15:03:05.774000,2406,,80,Smear inflamed - recall delete,153795002,7,Day/s,2421,,,72,,400,732733003,Oral,260548002,Oral route,26643006,Amoxicillin 400mg tablet,374645000,7,Day/s,0,"[1, 0, 0]",2421,2421,80
2425,6,2024-09-10 16:14:53.813000,1,True,10645,online,,,2024-09-10 16:14:54.184000,2407,,81,Headache,139490008,3,Day/s,2425,,,73,,100,420528006,Oral route,26643006,Oral route,26643006,Alverine citrate 60mg capsule,317148009,7,Day/s,0,"[1, 0, 0]",2425,2425,81
2429,6,2024-09-11 10:51:09.819000,1,False,10630,online,,,,2389,,82,Drug fever,95908009,2,Week/s,2429,,,74,,Somewhat heavy,264925006,Oral,260548002,Oral,260548002,Paracetamol 160mg tablet,370149001,2,Day/s,0,"[1, 1, 1]",2429,2429,82
2431,6,2024-09-11 11:36:07.027000,1,True,10647,online,,,2024-09-11 11:36:08.528000,2409,,83,Hyperextension,89620005,1,Month/s,2431,,,75,,100,420528006,Oral,260548002,Oral route,26643006,Amlodipine 5mg/valsartan 160mg tablet (product),425967008,1,Month/s,0,"[1, 0, 0]",2431,2431,83
2438,6,2024-09-12 09:34:45.959000,1,True,10650,online,,,2024-09-12 09:34:47.503000,2412,,84,ECG normal,142014007,2,Week/s,2438,,,76,,Optical transillumination - action,129437001,Watery (qualifier value),1292978005,Oral surgery,394299009,Sodium iopodate 500mg capsule (substance),337375002,1,Month/s,0,"[1, 1, 1]",2438,2438,84
2442,6,2024-09-12 13:46:21.374000,1,True,10393,online,,,2024-09-12 13:46:22.727000,2414,,85,Sinus rhythm,251150006,3,Day/s,2442,,,77,,100,420528006,Oral route,26643006,Oral route,26643006,Amoxapine 100mg tablet,321894004,7 ,Day/s,0,"[1, 0, 0]",2442,2442,85
2454,6,2024-09-17 13:59:16.422000,1,True,10657,online,,,2024-09-17 13:59:16.792000,2426,,86,Headache,139490008,3,Week/s,2454,,,78,medication under tablet,Before food,311500009,Oral,260548002,Oral route,26643006,Lisinopril 30 mg oral tablet,374040006,1,Month/s,0,"[1, 0, 0]",2454,2454,86
2459,6,2024-09-17 14:05:58.078000,1,True,10657,online,,,2024-09-17 14:05:58.395000,2427,,87,Fever,386661006,2,Day/s,2459,,,79,NA,With lunch,769560003,Swallow,421521009,Oral route,26643006,Paracetamol 160mg tablet,370149001,10,Day/s,0,"[1, 1, 1]",2459,2459,87
2463,6,2024-09-17 22:11:17.279000,1,False,10659,online,,,,2429,,88,Headache,25064002,3,Week/s,2463,,,80,,Before time,243884009,Oral route,26643006,Oral route,26643006,Lisinopril 10mg tablet,318859000,3,Month/s,0,"[1, 0]",2463,2463,88
2469,6,2024-09-18 11:23:46.781000,1,False,10659,online,,,,2432,,89,Increased thirst,249477003,30,Day/s,2469,,,81,,500,732775002,Oral,260548002,Oral,260548002,Metformin hydrochloride 500mg tablet,325278007,30,Day/s,0,"[1, 0, 0]",2469,2469,89
2478,6,2024-09-19 11:01:21.510000,1,True,10664,online,,,2024-09-19 11:01:22.437000,2437,,90,Headache,25064002,30,Day/s,2478,,,82,tablet for bp before food,200,725123003,Oral,260548002,Oral route,26643006,Lisuride 200 microgram oral tablet,323160007,30,Day/s,0,"[1, 0, 0]",2478,2478,90
2486,6,2024-09-20 15:10:05.644000,1,True,10667,online,,,2024-09-20 15:10:06.367000,2442,,91,Headache,139490008,3,Day/s,2486,,,83,,After food,225758001,Oral,260548002,Oral route,26643006,Lisinopril 20mg tablet (substance),318860005,30,Day/s,0,"[1, 0, 0]",2486,2486,91
2490,6,2024-09-21 12:33:53.173000,1,True,10667,online,,,2024-09-21 12:33:56.855000,2443,,92,Headache,25064002,30,Day/s,2490,,,84,some variation in blood pressure,After lunch,1541000175107,Oral route,26643006,Oral route,26643006,Lisdexamfetamine 40mg capsule,432677009,30,Day/s,0,"[1, 0]",2490,2490,92
2308,6,2024-08-29 14:34:18.539000,1,False,10584,online,,,,2313,,,,,,,,,,,,,,,,,,,,,,,,,,
2050,6,2024-08-01 12:22:01.045000,1,False,10323,upload,,"data:image/png;base64,iVBORw0KGgoAAAANSUhEUgAABXgAAAMgCAYAAACZBgqXAAAAIGNIUk0AAHomAACAhAAA+gAAAIDoAA...",,1913,,7,,0,0,Day/s,2050,,,,,,,,,,,,,,,,,,2050,7
2286,6,2024-08-27 18:07:44.916000,1,False,10397,online,,,,2129,,52,Body Pain,0,1,Day,2286,Legs,Mild,,,,,,,,,,,,,,,,2286,52
2288,6,2024-08-27 18:15:16.272000,1,False,10397,online,,,,2130,,54,Pain in Eyes,0,2,Day/s,2288,,Mild,,,,,,,,,,,,,,,,2288,54
2288,6,2024-08-27 18:15:16.272000,1,False,10397,online,,,,2130,,54,Pain in Eyes,0,2,Day/s,2288,,Mild,,,,,,,,,,,,,,,,2288,53
2288,6,2024-08-27 18:15:16.272000,1,False,10397,online,,,,2130,,53,Eye Redness,0,1,Day,2288,Right Eye,Mild,,,,,,,,,,,,,,,,2288,54
2288,6,2024-08-27 18:15:16.272000,1,False,10397,online,,,,2130,,53,Eye Redness,0,1,Day,2288,Right Eye,Mild,,,,,,,,,,,,,,,,2288,53
2495,6,2024-09-21 16:13:38.038000,1,False,10668,upload,,"data:image/png;base64,iVBORw0KGgoAAAANSUhEUgAAB6kAAASVCAYAAAD+GetpAAAAAXNSR0IArs4c6QAAAARnQU1BAACxjw...",,2444,,93,Fever,386661006,1,Day/s,2495,,,,,,,,,,,,,,,,,,2495,93
2280,6,2024-08-27 15:38:58.226000,1,False,10405,online,,,,2127,,48,Bloating,0,1,Day,2280,,,,,,,,,,,,,,,,,,2280,48
2284,6,2024-08-27 18:05:35.415000,1,False,10397,online,,,,2128,,51,Bloating,0,1,Day,2284,,,,,,,,,,,,,,,,,,2284,51
2282,6,2024-08-27 17:59:48.780000,1,False,10403,online,,,,2125,,50,Dizziness,0,1,Day,2282,,,,,,,,,,,,,,,,,,2282,50
2382,6,2024-09-04 11:25:04.873000,1,False,10615,upload,,"data:application/pdf;base64,JVBERi0xLjMNCiXi48/TDQolUlNUWFBERjMgUGFyYW1ldGVyczoNCjIgMCBvYmoNCjw8DQov...",,2367,,70,Head lag,390099005,4,Month/s,2382,,,,,,,,,,,,,,,,,,2382,70
2281,6,2024-08-27 17:46:08.213000,1,False,10406,online,,,,2126,,49,Body Pain,0,1,Day,2281,,,,,,,,,,,,,,,,,,2281,49
